{"cameraMode":{"drawMode":0,"name":"Shaded","section":"Shading Mode"},"sceneLighting":true,"audioPlay":false,"sceneViewState":{"m_AlwaysRefresh":false,"showFog":true,"showSkybox":true,"showFlares":true,"showImageEffects":true,"showParticleSystems":true,"showVisualEffectGraphs":true,"m_FxEnabled":true},"in2DMode":false,"pivot":{"x":16.782058715820314,"y":1.167556881904602,"z":-13.301669120788575},"rotation":{"x":0.17075039446353913,"y":0.14121122658252717,"z":-0.021105637773871423,"w":0.9753103852272034},"size":10.813587188720704,"orthographic":false}